fico_bucket,count,mean_lgd
<620,66685,0.41407548963389196
620-660,129035,0.3868083320916516
660-700,144555,0.3775804496431444
700-740,103863,0.37096828658884445
740+,101232,0.3695917477330115
