ltv_bucket,count,mean_lgd
<60,72393,0.3369162194600191
60-70,97054,0.3857247276923463
70-80,251425,0.43152194562028556
80-90,80411,0.3023547492718047
90+,46660,0.3063638048289879
