total_loans,total_balance,default_rate,mean_fico,mean_pd,mean_lgd
3804801,693807569000.0,0.144013576531335,723.6977153178484,0.13003142138197363,0.3786705134919961
