,ols,xgboost
train_r2,0.1702168794304726,0.29848017523271686
val_r2,0.15076484221935094,0.2465325313108726
test_r2,0.15738594937373274,0.24014533245849312
train_rmse,0.2654015461227714,0.24402882273750406
val_rmse,0.26329185425400337,0.24800229140131266
test_rmse,0.2652523599212024,0.25188956468917223
train_mae,0.21266011108536392,0.19251792597686998
val_mae,0.21106454386434137,0.1971316740151671
test_mae,0.21248299871818685,0.20081827675108674
