scenario,total_loss,loss_rate,total_balance
Baseline,99614632196.83336,0.14357674468788242,693807569000.0
Severely Adverse,311944728116.7336,0.4496127486276149,693807569000.0
